{
  "chair_1": {
    "x": 1.827482178954209,
    "y": 2.4886424560247167,
    "r": 0.00784313725490196,
    "g": 0.1607843137254902,
    "b": 0.23921568627450981
  },
  "chair_2": {
    "x": -1.7211596317710627,
    "y": 2.4168166607047774,
    "r": 0.03529411764705882,
    "g": 0.34509803921568627,
    "b": 0.49411764705882355
  },
  "chair_3": {
    "x": 1.35359963595908,
    "y": 4.5203783870303855,
    "r": 0.5725490196078431,
    "g": 0.5725490196078431,
    "b": 0.5686274509803921
  },
  "bench_4": {
    "x": -1.1358933077815279,
    "y": 4.556058196157107,
    "r": 0.5803921568627451,
    "g": 0.5803921568627451,
    "b": 0.5803921568627451
  }
}